code;label;period;value;unit;source
EA_HICP_YOY;Inflation (exemple);2025-08-01;3.1;%;EXEMPLE FICTIF
EA_HICP_YOY;Inflation (exemple);2025-09-01;2.9;%;EXEMPLE FICTIF
EA_HICP_YOY;Inflation (exemple);2025-10-01;2.7;%;EXEMPLE FICTIF
EA_HICP_YOY;Inflation (exemple);2025-11-01;2.6;%;EXEMPLE FICTIF
EA_HICP_YOY;Inflation (exemple);2025-12-01;2.5;%;EXEMPLE FICTIF
EA_HICP_YOY;Inflation (exemple);2026-01-01;2.4;%;EXEMPLE FICTIF
EA_HICP_YOY;Inflation (exemple);2026-02-01;2.4;%;EXEMPLE FICTIF
EA_HICP_YOY;Inflation (exemple);2026-03-01;2.3;%;EXEMPLE FICTIF
EA_HICP_YOY;Inflation (exemple);2026-04-01;2.2;%;EXEMPLE FICTIF
EA_HICP_YOY;Inflation (exemple);2026-05-01;2.2;%;EXEMPLE FICTIF
EA_HICP_YOY;Inflation (exemple);2026-06-01;2.1;%;EXEMPLE FICTIF
EA_HICP_YOY;Inflation (exemple);2026-07-01;2.0;%;EXEMPLE FICTIF
EA_HICP_YOY;Inflation (exemple);2026-08-01;2.0;%;EXEMPLE FICTIF
EA_HICP_YOY;Inflation (exemple);2026-09-01;2.1;%;EXEMPLE FICTIF
ECB_DEPOSIT_RATE;Taux de dépôt (exemple);2025-03-01;2.25;%;EXEMPLE FICTIF
ECB_DEPOSIT_RATE;Taux de dépôt (exemple);2025-06-01;2.25;%;EXEMPLE FICTIF
ECB_DEPOSIT_RATE;Taux de dépôt (exemple);2025-09-01;2.00;%;EXEMPLE FICTIF
ECB_DEPOSIT_RATE;Taux de dépôt (exemple);2025-12-01;2.00;%;EXEMPLE FICTIF
ECB_DEPOSIT_RATE;Taux de dépôt (exemple);2026-03-01;2.00;%;EXEMPLE FICTIF
ECB_DEPOSIT_RATE;Taux de dépôt (exemple);2026-06-01;2.00;%;EXEMPLE FICTIF
ECB_DEPOSIT_RATE;Taux de dépôt (exemple);2026-09-01;2.00;%;EXEMPLE FICTIF
EA_10Y_YIELD;Taux 10 ans (exemple);2025-08-01;2.9;%;EXEMPLE FICTIF
EA_10Y_YIELD;Taux 10 ans (exemple);2025-09-01;2.8;%;EXEMPLE FICTIF
EA_10Y_YIELD;Taux 10 ans (exemple);2025-10-01;2.8;%;EXEMPLE FICTIF
EA_10Y_YIELD;Taux 10 ans (exemple);2025-11-01;2.7;%;EXEMPLE FICTIF
EA_10Y_YIELD;Taux 10 ans (exemple);2025-12-01;2.7;%;EXEMPLE FICTIF
EA_10Y_YIELD;Taux 10 ans (exemple);2026-01-01;2.6;%;EXEMPLE FICTIF
EA_10Y_YIELD;Taux 10 ans (exemple);2026-02-01;2.7;%;EXEMPLE FICTIF
EA_10Y_YIELD;Taux 10 ans (exemple);2026-03-01;2.7;%;EXEMPLE FICTIF
EA_10Y_YIELD;Taux 10 ans (exemple);2026-04-01;2.8;%;EXEMPLE FICTIF
EA_10Y_YIELD;Taux 10 ans (exemple);2026-05-01;2.8;%;EXEMPLE FICTIF
EA_10Y_YIELD;Taux 10 ans (exemple);2026-06-01;2.7;%;EXEMPLE FICTIF
EA_10Y_YIELD;Taux 10 ans (exemple);2026-07-01;2.7;%;EXEMPLE FICTIF
EA_10Y_YIELD;Taux 10 ans (exemple);2026-08-01;2.7;%;EXEMPLE FICTIF
EA_10Y_YIELD;Taux 10 ans (exemple);2026-09-01;2.7;%;EXEMPLE FICTIF
EA_GDP_YOY;PIB (exemple);2025-04-01;1.0;%;EXEMPLE FICTIF
EA_GDP_YOY;PIB (exemple);2025-07-01;1.1;%;EXEMPLE FICTIF
EA_GDP_YOY;PIB (exemple);2025-10-01;0.9;%;EXEMPLE FICTIF
EA_GDP_YOY;PIB (exemple);2026-01-01;1.0;%;EXEMPLE FICTIF
EA_GDP_YOY;PIB (exemple);2026-04-01;1.2;%;EXEMPLE FICTIF
EA_UNEMPLOYMENT;Chômage (exemple);2025-08-01;6.3;%;EXEMPLE FICTIF
EA_UNEMPLOYMENT;Chômage (exemple);2025-09-01;6.3;%;EXEMPLE FICTIF
EA_UNEMPLOYMENT;Chômage (exemple);2025-10-01;6.2;%;EXEMPLE FICTIF
EA_UNEMPLOYMENT;Chômage (exemple);2025-11-01;6.3;%;EXEMPLE FICTIF
EA_UNEMPLOYMENT;Chômage (exemple);2025-12-01;6.3;%;EXEMPLE FICTIF
EA_UNEMPLOYMENT;Chômage (exemple);2026-01-01;6.2;%;EXEMPLE FICTIF
EA_UNEMPLOYMENT;Chômage (exemple);2026-02-01;6.2;%;EXEMPLE FICTIF
EA_UNEMPLOYMENT;Chômage (exemple);2026-03-01;6.3;%;EXEMPLE FICTIF
EA_UNEMPLOYMENT;Chômage (exemple);2026-04-01;6.2;%;EXEMPLE FICTIF
EA_UNEMPLOYMENT;Chômage (exemple);2026-05-01;6.2;%;EXEMPLE FICTIF
EA_UNEMPLOYMENT;Chômage (exemple);2026-06-01;6.2;%;EXEMPLE FICTIF
EA_UNEMPLOYMENT;Chômage (exemple);2026-07-01;6.3;%;EXEMPLE FICTIF
EA_UNEMPLOYMENT;Chômage (exemple);2026-08-01;6.2;%;EXEMPLE FICTIF
EA_UNEMPLOYMENT;Chômage (exemple);2026-09-01;6.2;%;EXEMPLE FICTIF
